teamSlug,pos,name,nflTeam,points
amon-ra-dawgin,QB,Trevor Lawrence,JAX,52.04
amon-ra-dawgin,RB,Chris Rodriguez Jr.,JAX,13.3
amon-ra-dawgin,RB,Javonte Williams,DAL,32.2
amon-ra-dawgin,RB,Kaelon Black,SF,10.5
amon-ra-dawgin,RB,Omarion Hampton,LAC,31.4
amon-ra-dawgin,WR,Alec Pierce,IND,12.2
amon-ra-dawgin,WR,Carnell Tate,TEN,25.3
amon-ra-dawgin,WR,Jayden Reed,GB,6.4
amon-ra-dawgin,WR,Justin Jefferson,MIN,39.7
amon-ra-dawgin,WR,KC Concepcion,CLE,18.9
amon-ra-dawgin,WR,Kendrick Bourne,ARI,18.6
amon-ra-dawgin,WR,Makai Lemon,PHI,4.4
amon-ra-dawgin,WR,Pat Bryant,DEN,9.8
amon-ra-dawgin,WR,Tre' Harris,LAC,24.9
amon-ra-dawgin,TE,Dalton Kincaid,BUF,44.3
amon-ra-dawgin,TE,Evan Engram,DEN,17
amon-ra-dawgin,D/ST,Panthers D/ST,CAR,25
amon-ra-dawgin,K,Jake Elliott,PHI,14
beer,QB,C.J. Stroud,HOU,44.48
beer,QB,Matthew Stafford,LAR,31.08
beer,RB,David Montgomery,HOU,40.1
beer,RB,Jacory Croskey-Merritt,WSH,23.5
beer,RB,Kyren Williams,LAR,31.2
beer,RB,Quinshon Judkins,CLE,25
beer,RB,Tyler Allgeier,ARI,12.9
beer,WR,Amon-Ra St. Brown,DET,75.8
beer,WR,Khalil Shakir,BUF,17.4
beer,WR,Ladd McConkey,LAC,36.3
beer,WR,Marvin Harrison Jr.,ARI,4.3
beer,WR,Quentin Johnston,LAC,13.1
beer,TE,Dallas Goedert,PHI,25.1
beer,TE,Greg Dulcich,MIA,18
beer,TE,Harold Fannin Jr.,CLE,30.3
beer,D/ST,Lions D/ST,DET,8
beer,K,Harrison Mevis,LAR,4
beer,IR,Zach Charbonnet,SEA,
chicago-zestiest,QB,Jameis Winston,NYG,8.56
chicago-zestiest,QB,Kirk Cousins,LV,34.02
chicago-zestiest,QB,Kyler Murray,MIN,-0.38
chicago-zestiest,RB,Bhayshul Tuten,JAX,41
chicago-zestiest,RB,RJ Harvey,DEN,8.1
chicago-zestiest,RB,TreVeyon Henderson,NE,17.5
chicago-zestiest,WR,Emeka Egbuka,TB,21.6
chicago-zestiest,WR,Jakobi Meyers,JAX,35.4
chicago-zestiest,WR,Jordan Addison,MIN,4.1
chicago-zestiest,WR,Malik Washington,MIA,26.1
chicago-zestiest,WR,Mike Evans,SF,25.3
chicago-zestiest,WR,Xavier Worthy,KC,22.3
chicago-zestiest,TE,Colston Loveland,CHI,1.3
chicago-zestiest,TE,David Njoku,LAC,12.7
chicago-zestiest,TE,Kenyon Sadiq,NYJ,38.6
chicago-zestiest,D/ST,Steelers D/ST,PIT,29
chicago-zestiest,K,Will Reichard,MIN,17
chicago-zestiest,IR,Jordan Mason,MIN,11.9
chicago-zestiest,IR,Jordyn Tyson,NO,
doobs-agency,QB,Jared Goff,DET,65.58
doobs-agency,QB,Joe Burrow,CIN,53.6
doobs-agency,RB,Alvin Kamara,NO,7.2
doobs-agency,RB,George Holani,SEA,16.2
doobs-agency,RB,Jonathon Brooks,CAR,9.3
doobs-agency,RB,Kenneth Walker III,KC,79.2
doobs-agency,RB,Saquon Barkley,PHI,12
doobs-agency,WR,Christian Watson,GB,69.4
doobs-agency,WR,Cooper Kupp,SEA,16.4
doobs-agency,WR,Davante Adams,LAR,45.1
doobs-agency,WR,Keenan Allen,IND,27.5
doobs-agency,WR,Tetairoa McMillan,CAR,29.3
doobs-agency,WR,Xavier Legette,CAR,8.4
doobs-agency,TE,Tyler Warren,IND,39.4
doobs-agency,D/ST,Patriots D/ST,NE,27
doobs-agency,K,Andy Borregales,NE,20
doobs-agency,IR,Michael Pittman Jr.,PIT,12.4
doobs-agency,IR,Ty Johnson,BUF,9
englewood-ninjas,QB,Brock Purdy,SF,49.58
englewood-ninjas,QB,Jacoby Brissett,ARI,22.98
englewood-ninjas,RB,Brian Robinson Jr.,ATL,22.8
englewood-ninjas,RB,Jonathan Taylor,IND,63.5
englewood-ninjas,RB,Rico Dowdle,PIT,10.5
englewood-ninjas,RB,Tank Bigsby,PHI,12.1
englewood-ninjas,WR,Chris Godwin Jr.,TB,17.1
englewood-ninjas,WR,Dontayvion Wicks,PHI,27.7
englewood-ninjas,WR,Jaxon Smith-Njigba,SEA,93.06
englewood-ninjas,WR,Jaylen Waddle,DEN,23
englewood-ninjas,WR,Rashid Shaheed,SEA,11.7
englewood-ninjas,TE,AJ Barner,SEA,23.1
englewood-ninjas,TE,Brock Bowers,LV,
englewood-ninjas,TE,Michael Mayer,LV,14.5
englewood-ninjas,D/ST,49ers D/ST,SF,18
englewood-ninjas,D/ST,Chargers D/ST,LAC,18
englewood-ninjas,K,Eddy Pineiro,SF,15
englewood-ninjas,IR,Jake Tonges,SF,
fort-bragg,QB,Patrick Mahomes,KC,66.58
fort-bragg,RB,Chris Brooks,GB,7.9
fort-bragg,RB,Devin Singletary,NYG,14.7
fort-bragg,RB,Eli Heidenreich,PIT,
fort-bragg,RB,Kaleb Johnson,GB,5.8
fort-bragg,RB,MarShawn Lloyd,GB,16.1
fort-bragg,RB,Rachaad White,WSH,27.9
fort-bragg,RB,Tony Pollard,TEN,25.5
fort-bragg,RB,Travis Etienne Jr.,NO,21.9
fort-bragg,WR,Deebo Samuel Sr.,SF,24.5
fort-bragg,WR,Devaughn Vele,NO,31.3
fort-bragg,WR,DJ Moore,BUF,33.6
fort-bragg,WR,Keon Coleman,BUF,18.1
fort-bragg,WR,Malachi Fields,NYG,13.4
fort-bragg,TE,Cade Otton,TB,14.4
fort-bragg,TE,Mark Andrews,BAL,19.8
fort-bragg,D/ST,Seahawks D/ST,SEA,28
fort-bragg,K,Ka'imi Fairbairn,HOU,20
fort-bragg,IR,Jaxson Dart,NYG,27.4
fort-bragg,IR,Josh Jacobs,GB,
i-heart-gingers,QB,Jordan Love,GB,51.76
i-heart-gingers,RB,Chase Brown,CIN,38.3
i-heart-gingers,RB,J.K. Dobbins,DEN,7.2
i-heart-gingers,RB,Keaton Mitchell,LAC,19.5
i-heart-gingers,RB,Rhamondre Stevenson,NE,24.9
i-heart-gingers,WR,Ja'Marr Chase,CIN,49.5
i-heart-gingers,WR,Matthew Golden,GB,46.3
i-heart-gingers,WR,Romeo Doubs,NE,20.5
i-heart-gingers,WR,Stefon Diggs,WSH,44.7
i-heart-gingers,WR,Tee Higgins,CIN,44.3
i-heart-gingers,TE,George Kittle,SF,21.2
i-heart-gingers,TE,Sam LaPorta,DET,34.4
i-heart-gingers,D/ST,Broncos D/ST,DEN,11
i-heart-gingers,K,Jason Myers,SEA,22
mount-olympus,QB,Carson Wentz,MIN,25.54
mount-olympus,QB,Dak Prescott,DAL,44.16
mount-olympus,QB,Sam Darnold,SEA,22.42
mount-olympus,RB,Breece Hall,NYJ,42.5
mount-olympus,RB,Christian McCaffrey,SF,36.4
mount-olympus,RB,Emmett Johnson,KC,16
mount-olympus,RB,Kyle Monangai,CHI,28.2
mount-olympus,RB,Samaje Perine,CIN,13.6
mount-olympus,WR,Brian Thomas Jr.,JAX,15.8
mount-olympus,WR,Caleb Douglas,MIA,18.3
mount-olympus,WR,Courtland Sutton,DEN,8.6
mount-olympus,WR,Luther Burden III,CHI,15.7
mount-olympus,WR,Rashee Rice,KC,38
mount-olympus,TE,Pat Freiermuth,PIT,28.1
mount-olympus,TE,T.J. Hockenson,MIN,19.5
mount-olympus,TE,Terrance Ferguson,LAR,17.4
mount-olympus,D/ST,Chiefs D/ST,KC,22
mount-olympus,K,Harrison Butker,KC,28
mount-olympus,IR,Jayden Higgins,HOU,
nabers-in-paris,QB,Bryce Young,CAR,69.6
nabers-in-paris,QB,Drake Maye,NE,21.6
nabers-in-paris,RB,Blake Corum,LAR,15.6
nabers-in-paris,RB,Bucky Irving,TB,33.3
nabers-in-paris,RB,Chuba Hubbard,CAR,52.1
nabers-in-paris,WR,Demarcus Robinson,SF,19.4
nabers-in-paris,WR,DeMario Douglas,NE,13.7
nabers-in-paris,WR,Isaac TeSlaa,DET,14.2
nabers-in-paris,WR,Jameson Williams,DET,22.7
nabers-in-paris,WR,Mack Hollins,NE,27.6
nabers-in-paris,WR,Terry McLaurin,WSH,30.1
nabers-in-paris,WR,Tre Tucker,LV,27.6
nabers-in-paris,TE,Mike Gesicki,CIN,29.9
nabers-in-paris,TE,Tucker Kraft,GB,19.6
nabers-in-paris,D/ST,Eagles D/ST,PHI,9
nabers-in-paris,K,Dominic Zvada,NYG,24
nabers-in-paris,K,Jake Bates,DET,21
nabers-in-paris,IR,A.J. Brown,NE,5.6
nabers-in-paris,IR,Isiah Pacheco,DET,
pakistan-bombers,QB,Jalen Hurts,PHI,40.88
pakistan-bombers,QB,Michael Penix Jr.,ATL,14.04
pakistan-bombers,RB,AJ Dillon,CAR,4.9
pakistan-bombers,RB,Ashton Jeanty,LV,43
pakistan-bombers,RB,Bijan Robinson,ATL,77.7
pakistan-bombers,WR,Denzel Boston,CLE,40.5
pakistan-bombers,WR,DeVonta Smith,PHI,36
pakistan-bombers,WR,Josh Downs,IND,32.6
pakistan-bombers,WR,Michael Wilson,ARI,14.4
pakistan-bombers,WR,Puka Nacua,LAR,12.4
pakistan-bombers,WR,Ryan Flournoy,DAL,11.5
pakistan-bombers,WR,Zay Flowers,BAL,26
pakistan-bombers,TE,Johnny Mundt,PHI,2.8
pakistan-bombers,TE,Trey McBride,ARI,42.6
pakistan-bombers,TE,Zach Ertz,FA,
pakistan-bombers,D/ST,Texans D/ST,HOU,16
pakistan-bombers,K,Chris Boswell,PIT,25
pakistan-bombers,K,Tyler Loop,BAL,19
pakistan-bombers,IR,Jayden Daniels,WSH,32.4
pakistan-bombers,IR,Tank Dell,HOU,
pluto-shraazinatorz,QB,Bo Nix,DEN,19.56
pluto-shraazinatorz,QB,Josh Allen,BUF,94.04
pluto-shraazinatorz,RB,Aaron Jones Sr.,MIN,20.5
pluto-shraazinatorz,RB,Derrick Henry,BAL,53
pluto-shraazinatorz,RB,Jaylen Warren,PIT,40.6
pluto-shraazinatorz,RB,Justice Hill,BAL,7.6
pluto-shraazinatorz,WR,Drake London,ATL,42.8
pluto-shraazinatorz,WR,George Pickens,DAL,15.8
pluto-shraazinatorz,WR,Nico Collins,HOU,21.2
pluto-shraazinatorz,WR,Xavier Hutchinson,HOU,21.4
pluto-shraazinatorz,TE,Jake Ferguson,DAL,22.9
pluto-shraazinatorz,TE,Juwan Johnson,NO,25
pluto-shraazinatorz,TE,Oronde Gadsden,LAC,15
pluto-shraazinatorz,D/ST,Bengals D/ST,CIN,27
pluto-shraazinatorz,D/ST,Jaguars D/ST,JAX,27
pluto-shraazinatorz,D/ST,Packers D/ST,GB,5
pluto-shraazinatorz,K,Cameron Dicker,LAC,9
pluto-shraazinatorz,K,Trey Smack,GB,22
the-watermark,QB,Caleb Williams,CHI,44.98
the-watermark,QB,Tyler Shough,NO,45.58
the-watermark,RB,Braelon Allen,NYJ,17.2
the-watermark,RB,D'Andre Swift,CHI,45.3
the-watermark,RB,Emanuel Wilson,SEA,10.9
the-watermark,RB,Jadarian Price,SEA,14
the-watermark,RB,Jahmyr Gibbs,DET,98.3
the-watermark,WR,Chris Olave,NO,50.8
the-watermark,WR,Jalen McMillan,TB,
the-watermark,WR,Kalif Raymond,CHI,25.4
the-watermark,WR,Kayshon Boutte,HOU,13.9
the-watermark,WR,Wan'Dale Robinson,TEN,29.4
the-watermark,TE,Brenton Strange,JAX,20.2
the-watermark,TE,Cole Kmet,CHI,11.5
the-watermark,TE,Darren Waller,CAR,29.3
the-watermark,TE,Hunter Henry,NE,14.1
the-watermark,D/ST,Rams D/ST,LAR,12
the-watermark,K,Chase McLaughlin,TB,27
vancouver-panties,QB,Baker Mayfield,TB,23.82
vancouver-panties,QB,Lamar Jackson,BAL,39.76
vancouver-panties,RB,Cam Skattebo,NYG,36.6
vancouver-panties,RB,De'Von Achane,MIA,24.6
vancouver-panties,RB,Kenny Gainwell,TB,7.3
vancouver-panties,WR,CeeDee Lamb,DAL,50.7
vancouver-panties,WR,DK Metcalf,PIT,26.8
vancouver-panties,WR,Jerry Jeudy,CLE,4.6
vancouver-panties,WR,Parker Washington,JAX,49.1
vancouver-panties,WR,Rashod Bateman,BAL,21.8
vancouver-panties,WR,Travis Hunter,JAX,6.1
vancouver-panties,TE,Dalton Schultz,HOU,36.8
vancouver-panties,TE,Kyle Pitts Sr.,ATL,4
vancouver-panties,D/ST,Titans D/ST,TEN,14
vancouver-panties,D/ST,Vikings D/ST,MIN,21
vancouver-panties,K,Brandon Aubrey,DAL,19
vile-horrendous,QB,Justin Herbert,LAC,33.88
vile-horrendous,QB,Malik Willis,MIA,39.18
vile-horrendous,RB,James Cook III,BUF,48.9
vile-horrendous,RB,Jeremiyah Love,ARI,20.5
vile-horrendous,RB,Mike Washington Jr.,LV,4.8
vile-horrendous,RB,Ray Davis,BUF,0.3
vile-horrendous,RB,Tyjae Spears,TEN,13.9
vile-horrendous,RB,Woody Marks,HOU,22.6
vile-horrendous,WR,Adonai Mitchell,NYJ,21.3
vile-horrendous,WR,Antonio Williams,WSH,25.3
vile-horrendous,WR,Garrett Wilson,NYJ,57.3
vile-horrendous,WR,Jalen Coker,CAR,52.2
vile-horrendous,WR,Malik Nabers,NYG,21.6
vile-horrendous,WR,Rome Odunze,CHI,14.5
vile-horrendous,TE,Isaiah Likely,NYG,39.4
vile-horrendous,TE,Travis Kelce,KC,49.1
vile-horrendous,D/ST,Ravens D/ST,BAL,13
vile-horrendous,K,Cam Little,JAX,23
vile-horrendous,IR,Dylan Sampson,CLE,
vile-horrendous,IR,Jonah Coleman,DEN,14.8
